{
  "transformer": {
    "model_name": "transformer",
    "train_losses": [
      6.87715935079675,
      6.096670226046913,
      5.547262863108986,
      4.957741680898164,
      4.657763255269904,
      4.465065893373992,
      4.305221789761593,
      4.172842577884071,
      4.066326533493243,
      3.980269228157244,
      3.906976132016433,
      3.8446856862620304,
      3.791629151294106,
      3.7459717769371834,
      3.706706109799837,
      3.6723615182073495,
      3.6432023989526847,
      3.6176894965924715,
      3.596533383193769,
      3.5791306558408236,
      3.563239872455597,
      3.5510809766618827,
      3.540477049978156,
      3.532512504803507,
      3.5266743741537394,
      3.5208483652064673,
      3.5179980334482694,
      3.515312069340756,
      3.5148487812594364,
      3.5142793153461658
    ],
    "val_losses": [
      6.232216715812683,
      5.79241406917572,
      5.059682011604309,
      4.62193500995636,
      4.397510886192322,
      4.214038968086243,
      4.054628968238831,
      3.9318703413009644,
      3.8308013677597046,
      3.747929275035858,
      3.678374230861664,
      3.6238256096839905,
      3.575348138809204,
      3.5374123454093933,
      3.498544991016388,
      3.4693506956100464,
      3.443837344646454,
      3.424619138240814,
      3.4078633785247803,
      3.3903051614761353,
      3.3793588876724243,
      3.3677948713302612,
      3.360516130924225,
      3.3549733757972717,
      3.3489784002304077,
      3.3464143872261047,
      3.343864858150482,
      3.342789590358734,
      3.3421677350997925,
      3.342096745967865
    ],
    "best_val_loss": 3.342096745967865,
    "best_perplexity": 28.27835711941095,
    "num_params": 4271616,
    "epochs_trained": 30
  },
  "gru": {
    "model_name": "gru",
    "train_losses": [
      6.824471655644868,
      6.175598131982904,
      5.822368320665862,
      5.185082015238311,
      4.64790405725178,
      4.355159489732039,
      4.184488522379022,
      4.060725447378661,
      3.9605702538239327,
      3.877241197385286,
      3.806996630994897,
      3.7463370530228866,
      3.694909814156984,
      3.649767954098551,
      3.610352898898878,
      3.576779820417103,
      3.5476114844021045,
      3.522712390673788,
      3.501397019938419,
      3.483402214552227,
      3.468723896302675,
      3.4565495378092717,
      3.44659434807928,
      3.438535567961241,
      3.432549733864634,
      3.4282038494160303,
      3.42468335753993,
      3.423418791670548,
      3.4220811787404513,
      3.4211624233346236
    ],
    "val_losses": [
      6.230225682258606,
      6.0100017786026,
      5.440613508224487,
      4.762444615364075,
      4.348432660102844,
      4.140436947345734,
      4.002859354019165,
      3.894509434700012,
      3.8073891401290894,
      3.7336390018463135,
      3.672116756439209,
      3.6211219429969788,
      3.5746546387672424,
      3.5373745560646057,
      3.5021167397499084,
      3.474238634109497,
      3.449380397796631,
      3.42928946018219,
      3.412256181240082,
      3.398033618927002,
      3.3857626914978027,
      3.376866340637207,
      3.3692514300346375,
      3.3634109497070312,
      3.359046757221222,
      3.356219530105591,
      3.354186534881592,
      3.353130519390106,
      3.3526163697242737,
      3.352498173713684
    ],
    "best_val_loss": 3.352498173713684,
    "best_perplexity": 28.57402743878866,
    "num_params": 3676672,
    "epochs_trained": 30
  },
  "lstm": {
    "model_name": "lstm",
    "train_losses": [
      6.884378677920291,
      6.253254143815291,
      6.24499163502141,
      6.18496078566501,
      6.075346651830171,
      5.915990760451869,
      5.745740106231288,
      5.452565845690276,
      5.198131925181339,
      4.992214936959116,
      4.813284572802092,
      4.678439529318559,
      4.569996739688673,
      4.47523129613776,
      4.3868445659938615,
      4.310793688422756,
      4.2429557285810775,
      4.187798299287495,
      4.141211415591993,
      4.1037427626158065,
      4.073142051696777,
      4.048204443956676,
      4.028468097511091,
      4.012447705394344,
      4.000553780480435,
      3.992163287965875,
      3.986720323562622,
      3.983063352735419,
      3.9811150870825114,
      3.98011042569813
    ],
    "val_losses": [
      6.235322713851929,
      6.231410026550293,
      6.199473142623901,
      6.118180274963379,
      5.958519220352173,
      5.805402874946594,
      5.558276414871216,
      5.243673801422119,
      5.009273529052734,
      4.796769499778748,
      4.628333687782288,
      4.506112456321716,
      4.404398798942566,
      4.308716654777527,
      4.228003144264221,
      4.154869794845581,
      4.096310794353485,
      4.047711431980133,
      4.0072866678237915,
      3.974449098110199,
      3.9483531713485718,
      3.9266859889030457,
      3.9101465344429016,
      3.8975374698638916,
      3.8886687755584717,
      3.88174170255661,
      3.877734422683716,
      3.875575363636017,
      3.8742339611053467,
      3.8739795684814453
    ],
    "best_val_loss": 3.8739795684814453,
    "best_perplexity": 48.13355622443465,
    "num_params": 4203008,
    "epochs_trained": 30
  },
  "transformer_medium": {
    "model_name": "transformer_medium",
    "train_losses": [
      6.806095644047386,
      5.960479171652543,
      5.138806957947581,
      4.690177214773078,
      4.4504063003941585,
      4.266193484005175,
      4.122197339409276,
      4.010840836324189,
      3.9219910533804643,
      3.8505600690841675,
      3.7930992873091447,
      3.7466216401049963,
      3.710153209535699,
      3.682346413010045,
      3.6606968954989783,
      3.6443829473696256,
      3.6341500188175,
      3.6270040587375036,
      3.622441219656091,
      3.6215463217936064
    ],
    "val_losses": [
      6.226552128791809,
      5.413880944252014,
      4.702953457832336,
      4.401718258857727,
      4.185213923454285,
      4.011285364627838,
      3.8817960619926453,
      3.7818683385849,
      3.7014379501342773,
      3.6380072832107544,
      3.589117646217346,
      3.551180601119995,
      3.5206891894340515,
      3.497947573661804,
      3.48039573431015,
      3.468376576900482,
      3.4621249437332153,
      3.4570895433425903,
      3.45456200838089,
      3.453717052936554
    ],
    "best_val_loss": 3.453717052936554,
    "best_perplexity": 31.617698816668057,
    "num_params": 10348032,
    "epochs_trained": 20
  },
  "gru_medium": {
    "model_name": "gru_medium",
    "train_losses": [
      6.773717372040999,
      6.185732007026672,
      5.863568902015686,
      5.43171615349619,
      5.0582783849615796,
      4.7376539267991715,
      4.523473388270328,
      4.3510496616363525,
      4.217071533203125,
      4.1181881866957015,
      4.0419325138393205,
      3.9822354755903544,
      3.9364234836477983,
      3.9008178899162695,
      3.8744707829073857,
      3.855573732601969,
      3.8420206841669584,
      3.834250958342301,
      3.8294950347197685,
      3.828034005667034
    ],
    "val_losses": [
      6.232991576194763,
      6.04594361782074,
      5.553242564201355,
      5.166930437088013,
      4.767717599868774,
      4.507130146026611,
      4.311809062957764,
      4.158372223377228,
      4.042996168136597,
      3.9584972262382507,
      3.891762137413025,
      3.8417657017707825,
      3.8023248314857483,
      3.774066686630249,
      3.7531657218933105,
      3.7379720211029053,
      3.7292534708976746,
      3.723811447620392,
      3.7215601205825806,
      3.720837712287903
    ],
    "best_val_loss": 3.720837712287903,
    "best_perplexity": 41.29897628154168,
    "num_params": 8468736,
    "epochs_trained": 20
  },
  "lstm_medium": {
    "model_name": "lstm_medium",